"id_mat_rule"|"mat_general"|"astm_grade"|"incl_all"|"incl_any"|"not_any"
"1"|"CS"|"A105"|"A105"|"A105"|"SA105"
"2"|"CS"|"A105 N"|"A105"|"A105|A105 N"|"SA105"
"3"|"CS"|"A106-B SMLS"|"A106|B|SMLS"|"A106-B|A106 B|A106 GR B|A106 GRADE B|A106-B SMLS|A106 B SMLS"|"SA106-B"
"4"|"CS"|"A197"|"A197"|"A197"|"SA197"
"5"|"CS"|"A216-WCB"|"A216|WCB"|"A216-WCB|A216 WCB|A216 GR WCB|A216 GRADE WCB"|"SA216-WCB"
"6"|"CS"|"A234-WPB"|"A234|WPB|WP"|"A234-WPB|A234 WPB|A234 GR WPB|A234 GRADE WPB"|"SA234-WPB"
"7"|"CS"|"A234-WPB SMLS"|"A234|WPB|SMLS|WP"|"A234-WPB|A234 WPB|A234 GR WPB|A234 GRADE WPB|A234-WPB SMLS|A234 WPB SMLS"|"SA234-WPB"
"8"|"CS"|"A234-WPB WLD"|"A234|WPB|WLD|WP"|"A234-WPB|A234 WPB|A234 GR WPB|A234 GRADE WPB|A234-WPB WLD|A234 WPB WLD"|"SA234-WPB"
"9"|"CS"|"A276"|"A276"|"A276"|"SA276"
"10"|"CS"|"A36"|"A36"|"A36"|"SA36"
"11"|"CS"|"A516-70"|"A516|70"|"A516-70|A516 70|A516 GR 70|A516 GRADE 70"|"SA516-70"
"12"|"CS"|"A516-70N"|"A516|70N"|"A516-70N|A516 70N|A516 GR 70N|A516 GRADE 70N"|"SA516-70N"
"13"|"CS"|"A536"|"A536"|"A536"|"SA536"
"14"|"CS"|"A53-A"|"A53|A"|"A53-A|A53 A|A53 GR A|A53 GRADE A"|"SA53-A"
"15"|"CS"|"A53-A Type F"|"A53|A|TYPE"|"A53-A|A53 A|A53 GR A|A53 GRADE A|A53-A TYPE F|A53 A TYPE F"|"SA53-A"
"16"|"CS"|"A53-B"|"A53|B"|"A53-B|A53 B|A53 GR B|A53 GRADE B"|"SA53-B"
"17"|"CS"|"A53-B SMLS"|"A53|B|SMLS"|"A53-B|A53 B|A53 GR B|A53 GRADE B|A53-B SMLS|A53 B SMLS"|"SA53-B"
"18"|"CS"|"A53-B WLD"|"A53|B|WLD"|"A53-B|A53 B|A53 GR B|A53 GRADE B|A53-B WLD|A53 B WLD"|"SA53-B"
"19"|"CS"|"A53-B_GALV"|"A53|B_GALV|GALV"|"A53-B_GALV|A53 B_GALV|A53 GR B_GALV|A53 GRADE B_GALV"|"SA53-B_GALV"
"20"|"CS"|"A672-C60 WLD"|"A672|C60|WLD"|"A672-C60|A672 C60|A672 GR C60|A672 GRADE C60|A672-C60 WLD|A672 C60 WLD"|"SA672-C60"
"21"|"CS"|"A672-C60/C65"|"A672|C60|C65"|"A672-C60/C65|A672 C60/C65|A672 GR C60/C65|A672 GRADE C60/C65"|"SA672-C60/C65"
"22"|"CS"|"A672-C65 WLD"|"A672|C65|WLD"|"A672-C65|A672 C65|A672 GR C65|A672 GRADE C65|A672-C65 WLD|A672 C65 WLD"|"SA672-C65"
"23"|"CS"|"A694-F42"|"A694|F42"|"A694-F42|A694 F42|A694 GR F42|A694 GRADE F42"|"SA694-F42"
"24"|"CS"|"A860-WPHY-60 EFW"|"A860|WPHY|60|EFW|WP"|"A860-WPHY-60|A860 WPHY 60|A860 WPHY-60|A860 GR WPHY-60|A860 GRADE WPHY-60|A860-WPHY-60 EFW|A860 WPHY 60 EFW"|"SA860-WPHY-60"
"25"|"CS"|"API 5L-B"|""|"API|API 5L-B|API 5L B"|""
"26"|"CS"|"API 5L-X-60MS, SAWL, PSL2 STR SM ANNEX H, JE= 100%, PSL2 IMPACT TEST 15� F"|"SAWL|PSL2"|"API|API 5L-X-60MS, SAWL, PSL2 STR SM ANNEX H, JE= 100%, PSL2 IMPACT TEST 15� F|API 5L X 60MS, SAWL, PSL2 STR SM ANNEX H, JE= 100%, PSL2 IMPACT TEST 15� F"|""
"27"|"CS"|"SA105"|"SA105"|"SA105"|""
"28"|"CS"|"SA106-B SMLS"|"SA106|B|SMLS"|"SA106-B|SA106 B|SA106 GR B|SA106 GRADE B|SA106-B SMLS|SA106 B SMLS"|""
"29"|"CS"|"SA234-WPB SMLS"|"SA234|WPB|SMLS|WP"|"SA234-WPB|SA234 WPB|SA234 GR WPB|SA234 GRADE WPB|SA234-WPB SMLS|SA234 WPB SMLS"|""
"30"|"CS"|"SA234-WPB WLD"|"SA234|WPB|WLD|WP"|"SA234-WPB|SA234 WPB|SA234 GR WPB|SA234 GRADE WPB|SA234-WPB WLD|SA234 WPB WLD"|""
"31"|"CS"|"SA516-70"|"SA516|70"|"SA516-70|SA516 70|SA516 GR 70|SA516 GRADE 70"|""
"32"|"LTCS"|"A333-6"|"A333|6"|"A333-6|A333 6|A333 GR 6|A333 GRADE 6"|"SA333-6"
"33"|"LTCS"|"A333-6 SMLS"|"A333|6|SMLS"|"A333-6|A333 6|A333 GR 6|A333 GRADE 6|A333-6 SMLS|A333 6 SMLS"|"SA333-6"
"34"|"LTCS"|"A333-6 WLD"|"A333|6|WLD"|"A333-6|A333 6|A333 GR 6|A333 GRADE 6|A333-6 WLD|A333 6 WLD"|"SA333-6"
"35"|"LTCS"|"A350-LF2"|"A350|LF2"|"A350-LF2|A350 LF2|A350 GR LF2|A350 GRADE LF2"|"SA350-LF2"
"36"|"LTCS"|"A350-LF2-1"|"A350|LF2|1"|"A350-LF2-1|A350 LF2 1|A350 LF2-1|A350 GR LF2-1|A350 GRADE LF2-1"|"SA350-LF2-1"
"37"|"LTCS"|"A420-WPL6"|"A420|WPL6|WP"|"A420-WPL6|A420 WPL6|A420 GR WPL6|A420 GRADE WPL6"|"SA420-WPL6"
"38"|"LTCS"|"A420-WPL6 SMLS"|"A420|WPL6|SMLS|WP"|"A420-WPL6|A420 WPL6|A420 GR WPL6|A420 GRADE WPL6|A420-WPL6 SMLS|A420 WPL6 SMLS"|"SA420-WPL6"
"39"|"LTCS"|"A420-WPL6 WLD"|"A420|WPL6|WLD|WP"|"A420-WPL6|A420 WPL6|A420 GR WPL6|A420 GRADE WPL6|A420-WPL6 WLD|A420 WPL6 WLD"|"SA420-WPL6"
"40"|"LTCS"|"SA333-6"|"SA333|6"|"SA333-6|SA333 6|SA333 GR 6|SA333 GRADE 6"|""
"41"|"LTCS"|"SA333-6 SMLS"|"SA333|6|SMLS"|"SA333-6|SA333 6|SA333 GR 6|SA333 GRADE 6|SA333-6 SMLS|SA333 6 SMLS"|""
"42"|"LTCS"|"SA333-6 WLD"|"SA333|6|WLD"|"SA333-6|SA333 6|SA333 GR 6|SA333 GRADE 6|SA333-6 WLD|SA333 6 WLD"|""
"43"|"LTCS"|"SA350-LF2"|"SA350|LF2"|"SA350-LF2|SA350 LF2|SA350 GR LF2|SA350 GRADE LF2"|""
"44"|"LTCS"|"SA420-WPL6"|"SA420|WPL6|WP"|"SA420-WPL6|SA420 WPL6|SA420 GR WPL6|SA420 GRADE WPL6"|""
"45"|"LTCS"|"SA420-WPL6 SMLS"|"SA420|WPL6|SMLS|WP"|"SA420-WPL6|SA420 WPL6|SA420 GR WPL6|SA420 GRADE WPL6|SA420-WPL6 SMLS|SA420 WPL6 SMLS"|""
"46"|"LTCS"|"SA420-WPL6 WLD"|"SA420|WPL6|WLD|WP"|"SA420-WPL6|SA420 WPL6|SA420 GR WPL6|SA420 GRADE WPL6|SA420-WPL6 WLD|SA420 WPL6 WLD"|""
"47"|"CR_MO"|"A182-F11"|"A182|F11"|"A182-F11|A182 F11|A182 GR F11|A182 GRADE F11"|"SA182-F11"
"48"|"CR_MO"|"A182-F22"|"A182|F22"|"A182-F22|A182 F22|A182 GR F22|A182 GRADE F22"|"SA182-F22"
"49"|"CR_MO"|"A182-F5"|"A182|F5"|"A182-F5|A182 F5|A182 GR F5|A182 GRADE F5"|"SA182-F5"
"50"|"CR_MO"|"A182-F51"|"A182|F51"|"A182-F51|A182 F51|A182 GR F51|A182 GRADE F51"|"SA182-F51"
"51"|"CR_MO"|"A182-F9"|"A182|F9"|"A182-F9|A182 F9|A182 GR F9|A182 GRADE F9"|"SA182-F9"
"52"|"CR_MO"|"A335-P11 SMLS"|"A335|P11|SMLS"|"A335-P11|A335 P11|A335 GR P11|A335 GRADE P11|A335-P11 SMLS|A335 P11 SMLS"|"SA335-P11"
"53"|"CR_MO"|"A335-P22 SMLS"|"A335|P22|SMLS"|"A335-P22|A335 P22|A335 GR P22|A335 GRADE P22|A335-P22 SMLS|A335 P22 SMLS"|"SA335-P22"
"54"|"CR_MO"|"A335-P5 SMLS"|"A335|P5|SMLS"|"A335-P5|A335 P5|A335 GR P5|A335 GRADE P5|A335-P5 SMLS|A335 P5 SMLS"|"SA335-P5"
"55"|"CR_MO"|"A335-P9 SMLS"|"A335|P9|SMLS"|"A335-P9|A335 P9|A335 GR P9|A335 GRADE P9|A335-P9 SMLS|A335 P9 SMLS"|"SA335-P9"
"56"|"CR_MO"|"SA182-F11"|"SA182|F11"|"SA182-F11|SA182 F11|SA182 GR F11|SA182 GRADE F11"|""
"57"|"CR_MO"|"SA182-F22"|"SA182|F22"|"SA182-F22|SA182 F22|SA182 GR F22|SA182 GRADE F22"|""
"58"|"CR_MO"|"SA182-F5"|"SA182|F5"|"SA182-F5|SA182 F5|SA182 GR F5|SA182 GRADE F5"|""
"59"|"CR_MO"|"SA182-F51"|"SA182|F51"|"SA182-F51|SA182 F51|SA182 GR F51|SA182 GRADE F51"|""
"60"|"CR_MO"|"SA182-F9"|"SA182|F9"|"SA182-F9|SA182 F9|SA182 GR F9|SA182 GRADE F9"|""
"61"|"CR_MO"|"SA335-P11 SMLS"|"SA335|P11|SMLS"|"SA335-P11|SA335 P11|SA335 GR P11|SA335 GRADE P11|SA335-P11 SMLS|SA335 P11 SMLS"|""
"62"|"CR_MO"|"SA335-P22 SMLS"|"SA335|P22|SMLS"|"SA335-P22|SA335 P22|SA335 GR P22|SA335 GRADE P22|SA335-P22 SMLS|SA335 P22 SMLS"|""
"63"|"CR_MO"|"SA335-P5 SMLS"|"SA335|P5|SMLS"|"SA335-P5|SA335 P5|SA335 GR P5|SA335 GRADE P5|SA335-P5 SMLS|SA335 P5 SMLS"|""
"64"|"CR_MO"|"SA335-P9 SMLS"|"SA335|P9|SMLS"|"SA335-P9|SA335 P9|SA335 GR P9|SA335 GRADE P9|SA335-P9 SMLS|SA335 P9 SMLS"|""
"65"|"LOW_ALY"|"A193-B7"|"A193|B7"|"A193-B7|A193 B7|A193 GR B7|A193 GRADE B7"|"SA193-B7"
"66"|"LOW_ALY"|"A194-2H"|"A194|2H"|"A194-2H|A194 2H|A194 GR 2H|A194 GRADE 2H"|"SA194-2H"
"67"|"LOW_ALY"|"SA193-B7"|"SA193|B7"|"SA193-B7|SA193 B7|SA193 GR B7|SA193 GRADE B7"|""
"68"|"LOW_ALY"|"SA194-2H"|"SA194|2H"|"SA194-2H|SA194 2H|SA194 GR 2H|SA194 GRADE 2H"|""
"69"|"SS"|"A182-F304"|"A182|F304"|"A182-F304|A182 F304|A182 GR F304|A182 GRADE F304"|"SA182-F304"
"70"|"SS"|"A182-F304/F304L"|"A182|F304|F304L"|"A182-F304/F304L|A182 F304/F304L|A182 GR F304/F304L|A182 GRADE F304/F304L"|"SA182-F304/F304L|A182-F304/F304"
"71"|"SS"|"A182-F304L"|"A182|F304L"|"A182-F304L|A182 F304L|A182 GR F304L|A182 GRADE F304L"|"SA182-F304L|A182-F304"
"72"|"SS"|"A182-F316"|"A182|F316"|"A182-F316|A182 F316|A182 GR F316|A182 GRADE F316"|"SA182-F316"
"73"|"SS"|"A182-F316/316L"|"A182|F316|316L"|"A182-F316/316L|A182 F316/316L|A182 GR F316/316L|A182 GRADE F316/316L"|"SA182-F316/316L|A182-F316/316"
"74"|"SS"|"A182-F316/F316L"|"A182|F316|F316L"|"A182-F316/F316L|A182 F316/F316L|A182 GR F316/F316L|A182 GRADE F316/F316L"|"SA182-F316/F316L|A182-F316/F316"
"75"|"SS"|"A182-F316L"|"A182|F316L"|"A182-F316L|A182 F316L|A182 GR F316L|A182 GRADE F316L"|"SA182-F316L|A182-F316"
"76"|"SS"|"A182-F317"|"A182|F317"|"A182-F317|A182 F317|A182 GR F317|A182 GRADE F317"|"SA182-F317"
"77"|"SS"|"A182-F317/F317L"|"A182|F317|F317L"|"A182-F317/F317L|A182 F317/F317L|A182 GR F317/F317L|A182 GRADE F317/F317L"|"SA182-F317/F317L|A182-F317/F317"
"78"|"SS"|"A182-F317L"|"A182|F317L"|"A182-F317L|A182 F317L|A182 GR F317L|A182 GRADE F317L"|"SA182-F317L|A182-F317"
"79"|"SS"|"A182-F347"|"A182|F347"|"A182-F347|A182 F347|A182 GR F347|A182 GRADE F347"|"SA182-F347"
"80"|"SS"|"A240-304"|"A240|304"|"A240-304|A240 304|A240 GR 304|A240 GRADE 304"|"SA240-304"
"81"|"SS"|"A240-304/304L"|"A240|304|304L"|"A240-304/304L|A240 304/304L|A240 GR 304/304L|A240 GRADE 304/304L"|"SA240-304/304L|A240-304/304"
"82"|"SS"|"A240-304L"|"A240|304L"|"A240-304L|A240 304L|A240 GR 304L|A240 GRADE 304L"|"SA240-304L|A240-304"
"83"|"SS"|"A240-316"|"A240|316"|"A240-316|A240 316|A240 GR 316|A240 GRADE 316"|"SA240-316"
"84"|"SS"|"A240-316/316L"|"A240|316|316L"|"A240-316/316L|A240 316/316L|A240 GR 316/316L|A240 GRADE 316/316L"|"SA240-316/316L|A240-316/316"
"85"|"SS"|"A240-316L"|"A240|316L"|"A240-316L|A240 316L|A240 GR 316L|A240 GRADE 316L"|"SA240-316L|A240-316"
"86"|"SS"|"A240-317L"|"A240|317L"|"A240-317L|A240 317L|A240 GR 317L|A240 GRADE 317L"|"SA240-317L|A240-317"
"87"|"SS"|"A240-347"|"A240|347"|"A240-347|A240 347|A240 GR 347|A240 GRADE 347"|"SA240-347"
"88"|"SS"|"A312-TP304"|"A312|TP304|TP"|"A312-TP304|A312 TP304|A312 GR TP304|A312 GRADE TP304"|"SA312-TP304"
"89"|"SS"|"A312-TP304 SMLS"|"A312|TP304|SMLS|TP"|"A312-TP304|A312 TP304|A312 GR TP304|A312 GRADE TP304|A312-TP304 SMLS|A312 TP304 SMLS"|"SA312-TP304"
"90"|"SS"|"A312-TP304 WLD"|"A312|TP304|WLD|TP"|"A312-TP304|A312 TP304|A312 GR TP304|A312 GRADE TP304|A312-TP304 WLD|A312 TP304 WLD"|"SA312-TP304"
"91"|"SS"|"A312-TP304/304L"|"A312|TP304|304L|TP"|"A312-TP304/304L|A312 TP304/304L|A312 GR TP304/304L|A312 GRADE TP304/304L"|"SA312-TP304/304L|A312-TP304/304"
"92"|"SS"|"A312-TP304/TP304L"|"A312|TP304|TP304L|TP"|"A312-TP304/TP304L|A312 TP304/TP304L|A312 GR TP304/TP304L|A312 GRADE TP304/TP304L"|"SA312-TP304/TP304L|A312-TP304/TP304"
"93"|"SS"|"A312-TP304/TP304L SMLS"|"A312|TP304|TP304L|SMLS|TP"|"A312-TP304/TP304L|A312 TP304/TP304L|A312 GR TP304/TP304L|A312 GRADE TP304/TP304L|A312-TP304/TP304L SMLS|A312 TP304/TP304L SMLS"|"SA312-TP304/TP304L|A312-TP304/TP304"
"94"|"SS"|"A312-TP304/TP304L WLD"|"A312|TP304|TP304L|WLD|TP"|"A312-TP304/TP304L|A312 TP304/TP304L|A312 GR TP304/TP304L|A312 GRADE TP304/TP304L|A312-TP304/TP304L WLD|A312 TP304/TP304L WLD"|"SA312-TP304/TP304L|A312-TP304/TP304"
"95"|"SS"|"A312-TP304L"|"A312|TP304L|TP"|"A312-TP304L|A312 TP304L|A312 GR TP304L|A312 GRADE TP304L"|"SA312-TP304L|A312-TP304"
"96"|"SS"|"A312-TP304L SMLS"|"A312|TP304L|SMLS|TP"|"A312-TP304L|A312 TP304L|A312 GR TP304L|A312 GRADE TP304L|A312-TP304L SMLS|A312 TP304L SMLS"|"SA312-TP304L|A312-TP304"
"97"|"SS"|"A312-TP304L WLD"|"A312|TP304L|WLD|TP"|"A312-TP304L|A312 TP304L|A312 GR TP304L|A312 GRADE TP304L|A312-TP304L WLD|A312 TP304L WLD"|"SA312-TP304L|A312-TP304"
"98"|"SS"|"A312-TP316 SMLS"|"A312|TP316|SMLS|TP"|"A312-TP316|A312 TP316|A312 GR TP316|A312 GRADE TP316|A312-TP316 SMLS|A312 TP316 SMLS"|"SA312-TP316"
"99"|"SS"|"A312-TP316/316L"|"A312|TP316|316L|TP"|"A312-TP316/316L|A312 TP316/316L|A312 GR TP316/316L|A312 GRADE TP316/316L"|"SA312-TP316/316L|A312-TP316/316"
"100"|"SS"|"A312-TP316/316L SMLS"|"A312|TP316|316L|SMLS|TP"|"A312-TP316/316L|A312 TP316/316L|A312 GR TP316/316L|A312 GRADE TP316/316L|A312-TP316/316L SMLS|A312 TP316/316L SMLS"|"SA312-TP316/316L|A312-TP316/316"
"101"|"SS"|"A312-TP316/316L WLD"|"A312|TP316|316L|WLD|TP"|"A312-TP316/316L|A312 TP316/316L|A312 GR TP316/316L|A312 GRADE TP316/316L|A312-TP316/316L WLD|A312 TP316/316L WLD"|"SA312-TP316/316L|A312-TP316/316"
"102"|"SS"|"A312-TP316L SMLS"|"A312|TP316L|SMLS|TP"|"A312-TP316L|A312 TP316L|A312 GR TP316L|A312 GRADE TP316L|A312-TP316L SMLS|A312 TP316L SMLS"|"SA312-TP316L|A312-TP316"
"103"|"SS"|"A312-TP317"|"A312|TP317|TP"|"A312-TP317|A312 TP317|A312 GR TP317|A312 GRADE TP317"|"SA312-TP317"
"104"|"SS"|"A312-TP317 SMLS"|"A312|TP317|SMLS|TP"|"A312-TP317|A312 TP317|A312 GR TP317|A312 GRADE TP317|A312-TP317 SMLS|A312 TP317 SMLS"|"SA312-TP317"
"105"|"SS"|"A312-TP317 WLD"|"A312|TP317|WLD|TP"|"A312-TP317|A312 TP317|A312 GR TP317|A312 GRADE TP317|A312-TP317 WLD|A312 TP317 WLD"|"SA312-TP317"
"106"|"SS"|"A312-TP317/TP317L"|"A312|TP317|TP317L|TP"|"A312-TP317/TP317L|A312 TP317/TP317L|A312 GR TP317/TP317L|A312 GRADE TP317/TP317L"|"SA312-TP317/TP317L|A312-TP317/TP317"
"107"|"SS"|"A312-TP317/TP317L SMLS"|"A312|TP317|TP317L|SMLS|TP"|"A312-TP317/TP317L|A312 TP317/TP317L|A312 GR TP317/TP317L|A312 GRADE TP317/TP317L|A312-TP317/TP317L SMLS|A312 TP317/TP317L SMLS"|"SA312-TP317/TP317L|A312-TP317/TP317"
"108"|"SS"|"A312-TP317/TP317L WLD"|"A312|TP317|TP317L|WLD|TP"|"A312-TP317/TP317L|A312 TP317/TP317L|A312 GR TP317/TP317L|A312 GRADE TP317/TP317L|A312-TP317/TP317L WLD|A312 TP317/TP317L WLD"|"SA312-TP317/TP317L|A312-TP317/TP317"
"109"|"SS"|"A312-TP317L"|"A312|TP317L|TP"|"A312-TP317L|A312 TP317L|A312 GR TP317L|A312 GRADE TP317L"|"SA312-TP317L|A312-TP317"
"110"|"SS"|"A312-TP317L SMLS"|"A312|TP317L|SMLS|TP"|"A312-TP317L|A312 TP317L|A312 GR TP317L|A312 GRADE TP317L|A312-TP317L SMLS|A312 TP317L SMLS"|"SA312-TP317L|A312-TP317"
"111"|"SS"|"A312-TP317L WLD"|"A312|TP317L|WLD|TP"|"A312-TP317L|A312 TP317L|A312 GR TP317L|A312 GRADE TP317L|A312-TP317L WLD|A312 TP317L WLD"|"SA312-TP317L|A312-TP317"
"112"|"SS"|"A312-TP347"|"A312|TP347|TP"|"A312-TP347|A312 TP347|A312 GR TP347|A312 GRADE TP347"|"SA312-TP347"
"113"|"SS"|"A312-TP347 SMLS"|"A312|TP347|SMLS|TP"|"A312-TP347|A312 TP347|A312 GR TP347|A312 GRADE TP347|A312-TP347 SMLS|A312 TP347 SMLS"|"SA312-TP347"
"114"|"SS"|"A312-TP347 WLD"|"A312|TP347|WLD|TP"|"A312-TP347|A312 TP347|A312 GR TP347|A312 GRADE TP347|A312-TP347 WLD|A312 TP347 WLD"|"SA312-TP347"
"115"|"SS"|"A351-CF8M"|"A351|CF8M"|"A351-CF8M|A351 CF8M|A351 GR CF8M|A351 GRADE CF8M"|"SA351-CF8M"
"116"|"SS"|"A403-WP304"|"A403|WP304|WP"|"A403-WP304|A403 WP304|A403 GR WP304|A403 GRADE WP304"|"SA403-WP304"
"117"|"SS"|"A403-WP304 SMLS"|"A403|WP304|SMLS|WP"|"A403-WP304|A403 WP304|A403 GR WP304|A403 GRADE WP304|A403-WP304 SMLS|A403 WP304 SMLS"|"SA403-WP304"
"118"|"SS"|"A403-WP304 WLD"|"A403|WP304|WLD|WP"|"A403-WP304|A403 WP304|A403 GR WP304|A403 GRADE WP304|A403-WP304 WLD|A403 WP304 WLD"|"SA403-WP304"
"119"|"SS"|"A403-WP304/WP304L"|"A403|WP304|WP304L|WP"|"A403-WP304/WP304L|A403 WP304/WP304L|A403 GR WP304/WP304L|A403 GRADE WP304/WP304L"|"SA403-WP304/WP304L|A403-WP304/WP304"
"120"|"SS"|"A403-WP304/WP304L SMLS"|"A403|WP304|WP304L|SMLS|WP"|"A403-WP304/WP304L|A403 WP304/WP304L|A403 GR WP304/WP304L|A403 GRADE WP304/WP304L|A403-WP304/WP304L SMLS|A403 WP304/WP304L SMLS"|"SA403-WP304/WP304L|A403-WP304/WP304"
"121"|"SS"|"A403-WP304/WP304L WLD"|"A403|WP304|WP304L|WLD|WP"|"A403-WP304/WP304L|A403 WP304/WP304L|A403 GR WP304/WP304L|A403 GRADE WP304/WP304L|A403-WP304/WP304L WLD|A403 WP304/WP304L WLD"|"SA403-WP304/WP304L|A403-WP304/WP304"
"122"|"SS"|"A403-WP304L"|"A403|WP304L|WP"|"A403-WP304L|A403 WP304L|A403 GR WP304L|A403 GRADE WP304L"|"SA403-WP304L|A403-WP304"
"123"|"SS"|"A403-WP304L SMLS"|"A403|WP304L|SMLS|WP"|"A403-WP304L|A403 WP304L|A403 GR WP304L|A403 GRADE WP304L|A403-WP304L SMLS|A403 WP304L SMLS"|"SA403-WP304L|A403-WP304"
"124"|"SS"|"A403-WP304L WLD"|"A403|WP304L|WLD|WP"|"A403-WP304L|A403 WP304L|A403 GR WP304L|A403 GRADE WP304L|A403-WP304L WLD|A403 WP304L WLD"|"SA403-WP304L|A403-WP304"
"125"|"SS"|"A403-WP316/316L"|"A403|WP316|316L|WP"|"A403-WP316/316L|A403 WP316/316L|A403 GR WP316/316L|A403 GRADE WP316/316L"|"SA403-WP316/316L|A403-WP316/316"
"126"|"SS"|"A403-WP316/316L WLD"|"A403|WP316|316L|WLD|WP"|"A403-WP316/316L|A403 WP316/316L|A403 GR WP316/316L|A403 GRADE WP316/316L|A403-WP316/316L WLD|A403 WP316/316L WLD"|"SA403-WP316/316L|A403-WP316/316"
"127"|"SS"|"A403-WP316/WP316L"|"A403|WP316|WP316L|WP"|"A403-WP316/WP316L|A403 WP316/WP316L|A403 GR WP316/WP316L|A403 GRADE WP316/WP316L"|"SA403-WP316/WP316L|A403-WP316/WP316"
"128"|"SS"|"A403-WP316L"|"A403|WP316L|WP"|"A403-WP316L|A403 WP316L|A403 GR WP316L|A403 GRADE WP316L"|"SA403-WP316L|A403-WP316"
"129"|"SS"|"A403-WP316L SMLS"|"A403|WP316L|SMLS|WP"|"A403-WP316L|A403 WP316L|A403 GR WP316L|A403 GRADE WP316L|A403-WP316L SMLS|A403 WP316L SMLS"|"SA403-WP316L|A403-WP316"
"130"|"SS"|"A403-WP317L"|"A403|WP317L|WP"|"A403-WP317L|A403 WP317L|A403 GR WP317L|A403 GRADE WP317L"|"SA403-WP317L|A403-WP317"
"131"|"SS"|"A403-WP317L SMLS"|"A403|WP317L|SMLS|WP"|"A403-WP317L|A403 WP317L|A403 GR WP317L|A403 GRADE WP317L|A403-WP317L SMLS|A403 WP317L SMLS"|"SA403-WP317L|A403-WP317"
"132"|"SS"|"A403-WP317L WLD"|"A403|WP317L|WLD|WP"|"A403-WP317L|A403 WP317L|A403 GR WP317L|A403 GRADE WP317L|A403-WP317L WLD|A403 WP317L WLD"|"SA403-WP317L|A403-WP317"
"133"|"SS"|"A403-WP347"|"A403|WP347|WP"|"A403-WP347|A403 WP347|A403 GR WP347|A403 GRADE WP347"|"SA403-WP347"
"134"|"SS"|"A403-WP347 SMLS"|"A403|WP347|SMLS|WP"|"A403-WP347|A403 WP347|A403 GR WP347|A403 GRADE WP347|A403-WP347 SMLS|A403 WP347 SMLS"|"SA403-WP347"
"135"|"SS"|"A403-WP347 WLD"|"A403|WP347|WLD|WP"|"A403-WP347|A403 WP347|A403 GR WP347|A403 GRADE WP347|A403-WP347 WLD|A403 WP347 WLD"|"SA403-WP347"
"136"|"SS"|"A479-316"|"A479|316"|"A479-316|A479 316|A479 GR 316|A479 GRADE 316"|"SA479-316"
"137"|"SS"|"A479-316L"|"A479|316L"|"A479-316L|A479 316L|A479 GR 316L|A479 GRADE 316L"|"SA479-316L|A479-316"
"138"|"SS"|"SA182-F304"|"SA182|F304"|"SA182-F304|SA182 F304|SA182 GR F304|SA182 GRADE F304"|""
"139"|"SS"|"SA182-F304/F304L"|"SA182|F304|F304L"|"SA182-F304/F304L|SA182 F304/F304L|SA182 GR F304/F304L|SA182 GRADE F304/F304L"|"SA182-F304/F304"
"140"|"SS"|"SA182-F304L"|"SA182|F304L"|"SA182-F304L|SA182 F304L|SA182 GR F304L|SA182 GRADE F304L"|"SA182-F304"
"141"|"SS"|"SA182-F317"|"SA182|F317"|"SA182-F317|SA182 F317|SA182 GR F317|SA182 GRADE F317"|""
"142"|"SS"|"SA182-F317/F317L"|"SA182|F317|F317L"|"SA182-F317/F317L|SA182 F317/F317L|SA182 GR F317/F317L|SA182 GRADE F317/F317L"|"SA182-F317/F317"
"143"|"SS"|"SA182-F317L"|"SA182|F317L"|"SA182-F317L|SA182 F317L|SA182 GR F317L|SA182 GRADE F317L"|"SA182-F317"
"144"|"SS"|"SA182-F347"|"SA182|F347"|"SA182-F347|SA182 F347|SA182 GR F347|SA182 GRADE F347"|""
"145"|"SS"|"SA240-304"|"SA240|304"|"SA240-304|SA240 304|SA240 GR 304|SA240 GRADE 304"|""
"146"|"SS"|"SA240-304/304L"|"SA240|304|304L"|"SA240-304/304L|SA240 304/304L|SA240 GR 304/304L|SA240 GRADE 304/304L"|"SA240-304/304"
"147"|"SS"|"SA240-304L"|"SA240|304L"|"SA240-304L|SA240 304L|SA240 GR 304L|SA240 GRADE 304L"|"SA240-304"
"148"|"SS"|"SA240-316"|"SA240|316"|"SA240-316|SA240 316|SA240 GR 316|SA240 GRADE 316"|""
"149"|"SS"|"SA240-316/316L"|"SA240|316|316L"|"SA240-316/316L|SA240 316/316L|SA240 GR 316/316L|SA240 GRADE 316/316L"|"SA240-316/316"
"150"|"SS"|"SA240-316L"|"SA240|316L"|"SA240-316L|SA240 316L|SA240 GR 316L|SA240 GRADE 316L"|"SA240-316"
"151"|"SS"|"SA240-347"|"SA240|347"|"SA240-347|SA240 347|SA240 GR 347|SA240 GRADE 347"|""
"152"|"SS"|"SA312-TP304"|"SA312|TP304|TP"|"SA312-TP304|SA312 TP304|SA312 GR TP304|SA312 GRADE TP304"|""
"153"|"SS"|"SA312-TP304 SMLS"|"SA312|TP304|SMLS|TP"|"SA312-TP304|SA312 TP304|SA312 GR TP304|SA312 GRADE TP304|SA312-TP304 SMLS|SA312 TP304 SMLS"|""
"154"|"SS"|"SA312-TP304 WLD"|"SA312|TP304|WLD|TP"|"SA312-TP304|SA312 TP304|SA312 GR TP304|SA312 GRADE TP304|SA312-TP304 WLD|SA312 TP304 WLD"|""
"155"|"SS"|"SA312-TP304/TP304L"|"SA312|TP304|TP304L|TP"|"SA312-TP304/TP304L|SA312 TP304/TP304L|SA312 GR TP304/TP304L|SA312 GRADE TP304/TP304L"|"SA312-TP304/TP304"
"156"|"SS"|"SA312-TP304/TP304L SMLS"|"SA312|TP304|TP304L|SMLS|TP"|"SA312-TP304/TP304L|SA312 TP304/TP304L|SA312 GR TP304/TP304L|SA312 GRADE TP304/TP304L|SA312-TP304/TP304L SMLS|SA312 TP304/TP304L SMLS"|"SA312-TP304/TP304"
"157"|"SS"|"SA312-TP304/TP304L WLD"|"SA312|TP304|TP304L|WLD|TP"|"SA312-TP304/TP304L|SA312 TP304/TP304L|SA312 GR TP304/TP304L|SA312 GRADE TP304/TP304L|SA312-TP304/TP304L WLD|SA312 TP304/TP304L WLD"|"SA312-TP304/TP304"
"158"|"SS"|"SA312-TP304L"|"SA312|TP304L|TP"|"SA312-TP304L|SA312 TP304L|SA312 GR TP304L|SA312 GRADE TP304L"|"SA312-TP304"
"159"|"SS"|"SA312-TP304L SMLS"|"SA312|TP304L|SMLS|TP"|"SA312-TP304L|SA312 TP304L|SA312 GR TP304L|SA312 GRADE TP304L|SA312-TP304L SMLS|SA312 TP304L SMLS"|"SA312-TP304"
"160"|"SS"|"SA312-TP304L WLD"|"SA312|TP304L|WLD|TP"|"SA312-TP304L|SA312 TP304L|SA312 GR TP304L|SA312 GRADE TP304L|SA312-TP304L WLD|SA312 TP304L WLD"|"SA312-TP304"
"161"|"SS"|"SA312-TP317"|"SA312|TP317|TP"|"SA312-TP317|SA312 TP317|SA312 GR TP317|SA312 GRADE TP317"|""
"162"|"SS"|"SA312-TP317 SMLS"|"SA312|TP317|SMLS|TP"|"SA312-TP317|SA312 TP317|SA312 GR TP317|SA312 GRADE TP317|SA312-TP317 SMLS|SA312 TP317 SMLS"|""
"163"|"SS"|"SA312-TP317 WLD"|"SA312|TP317|WLD|TP"|"SA312-TP317|SA312 TP317|SA312 GR TP317|SA312 GRADE TP317|SA312-TP317 WLD|SA312 TP317 WLD"|""
"164"|"SS"|"SA312-TP317/TP317L"|"SA312|TP317|TP317L|TP"|"SA312-TP317/TP317L|SA312 TP317/TP317L|SA312 GR TP317/TP317L|SA312 GRADE TP317/TP317L"|"SA312-TP317/TP317"
"165"|"SS"|"SA312-TP317/TP317L SMLS"|"SA312|TP317|TP317L|SMLS|TP"|"SA312-TP317/TP317L|SA312 TP317/TP317L|SA312 GR TP317/TP317L|SA312 GRADE TP317/TP317L|SA312-TP317/TP317L SMLS|SA312 TP317/TP317L SMLS"|"SA312-TP317/TP317"
"166"|"SS"|"SA312-TP317/TP317L WLD"|"SA312|TP317|TP317L|WLD|TP"|"SA312-TP317/TP317L|SA312 TP317/TP317L|SA312 GR TP317/TP317L|SA312 GRADE TP317/TP317L|SA312-TP317/TP317L WLD|SA312 TP317/TP317L WLD"|"SA312-TP317/TP317"
"167"|"SS"|"SA312-TP317L"|"SA312|TP317L|TP"|"SA312-TP317L|SA312 TP317L|SA312 GR TP317L|SA312 GRADE TP317L"|"SA312-TP317"
"168"|"SS"|"SA312-TP317L SMLS"|"SA312|TP317L|SMLS|TP"|"SA312-TP317L|SA312 TP317L|SA312 GR TP317L|SA312 GRADE TP317L|SA312-TP317L SMLS|SA312 TP317L SMLS"|"SA312-TP317"
"169"|"SS"|"SA312-TP317L WLD"|"SA312|TP317L|WLD|TP"|"SA312-TP317L|SA312 TP317L|SA312 GR TP317L|SA312 GRADE TP317L|SA312-TP317L WLD|SA312 TP317L WLD"|"SA312-TP317"
"170"|"SS"|"SA312-TP347"|"SA312|TP347|TP"|"SA312-TP347|SA312 TP347|SA312 GR TP347|SA312 GRADE TP347"|""
"171"|"SS"|"SA312-TP347 SMLS"|"SA312|TP347|SMLS|TP"|"SA312-TP347|SA312 TP347|SA312 GR TP347|SA312 GRADE TP347|SA312-TP347 SMLS|SA312 TP347 SMLS"|""
"172"|"SS"|"SA312-TP347 WLD"|"SA312|TP347|WLD|TP"|"SA312-TP347|SA312 TP347|SA312 GR TP347|SA312 GRADE TP347|SA312-TP347 WLD|SA312 TP347 WLD"|""
"173"|"SS"|"SA403-WP304"|"SA403|WP304|WP"|"SA403-WP304|SA403 WP304|SA403 GR WP304|SA403 GRADE WP304"|""
"174"|"SS"|"SA403-WP304 SMLS"|"SA403|WP304|SMLS|WP"|"SA403-WP304|SA403 WP304|SA403 GR WP304|SA403 GRADE WP304|SA403-WP304 SMLS|SA403 WP304 SMLS"|""
"175"|"SS"|"SA403-WP304 WLD"|"SA403|WP304|WLD|WP"|"SA403-WP304|SA403 WP304|SA403 GR WP304|SA403 GRADE WP304|SA403-WP304 WLD|SA403 WP304 WLD"|""
"176"|"SS"|"SA403-WP304/WP304L"|"SA403|WP304|WP304L|WP"|"SA403-WP304/WP304L|SA403 WP304/WP304L|SA403 GR WP304/WP304L|SA403 GRADE WP304/WP304L"|"SA403-WP304/WP304"
"177"|"SS"|"SA403-WP304/WP304L SMLS"|"SA403|WP304|WP304L|SMLS|WP"|"SA403-WP304/WP304L|SA403 WP304/WP304L|SA403 GR WP304/WP304L|SA403 GRADE WP304/WP304L|SA403-WP304/WP304L SMLS|SA403 WP304/WP304L SMLS"|"SA403-WP304/WP304"
"178"|"SS"|"SA403-WP304/WP304L WLD"|"SA403|WP304|WP304L|WLD|WP"|"SA403-WP304/WP304L|SA403 WP304/WP304L|SA403 GR WP304/WP304L|SA403 GRADE WP304/WP304L|SA403-WP304/WP304L WLD|SA403 WP304/WP304L WLD"|"SA403-WP304/WP304"
"179"|"SS"|"SA403-WP304L"|"SA403|WP304L|WP"|"SA403-WP304L|SA403 WP304L|SA403 GR WP304L|SA403 GRADE WP304L"|"SA403-WP304"
"180"|"SS"|"SA403-WP304L SMLS"|"SA403|WP304L|SMLS|WP"|"SA403-WP304L|SA403 WP304L|SA403 GR WP304L|SA403 GRADE WP304L|SA403-WP304L SMLS|SA403 WP304L SMLS"|"SA403-WP304"
"181"|"SS"|"SA403-WP304L WLD"|"SA403|WP304L|WLD|WP"|"SA403-WP304L|SA403 WP304L|SA403 GR WP304L|SA403 GRADE WP304L|SA403-WP304L WLD|SA403 WP304L WLD"|"SA403-WP304"
"182"|"SS"|"SA403-WP317L"|"SA403|WP317L|WP"|"SA403-WP317L|SA403 WP317L|SA403 GR WP317L|SA403 GRADE WP317L"|"SA403-WP317"
"183"|"SS"|"SA403-WP317L SMLS"|"SA403|WP317L|SMLS|WP"|"SA403-WP317L|SA403 WP317L|SA403 GR WP317L|SA403 GRADE WP317L|SA403-WP317L SMLS|SA403 WP317L SMLS"|"SA403-WP317"
"184"|"SS"|"SA403-WP317L WLD"|"SA403|WP317L|WLD|WP"|"SA403-WP317L|SA403 WP317L|SA403 GR WP317L|SA403 GRADE WP317L|SA403-WP317L WLD|SA403 WP317L WLD"|"SA403-WP317"
"185"|"SS"|"SA403-WP347"|"SA403|WP347|WP"|"SA403-WP347|SA403 WP347|SA403 GR WP347|SA403 GRADE WP347"|""
"186"|"SS"|"SA403-WP347 SMLS"|"SA403|WP347|SMLS|WP"|"SA403-WP347|SA403 WP347|SA403 GR WP347|SA403 GRADE WP347|SA403-WP347 SMLS|SA403 WP347 SMLS"|""
"187"|"SS"|"SA403-WP347 WLD"|"SA403|WP347|WLD|WP"|"SA403-WP347|SA403 WP347|SA403 GR WP347|SA403 GRADE WP347|SA403-WP347 WLD|SA403 WP347 WLD"|""
"188"|"SS"|"SA479-316"|"SA479|316"|"SA479-316|SA479 316|SA479 GR 316|SA479 GRADE 316"|""
"189"|"SS"|"SA479-316L"|"SA479|316L"|"SA479-316L|SA479 316L|SA479 GR 316L|SA479 GRADE 316L"|"SA479-316"
"190"|"SS_NITR_60"|"A276-UNS S21800"|"A276|UNS"|"A276-UNS|A276 UNS|A276 GR UNS|A276 GRADE UNS|A276-UNS S21800|A276 UNS S21800"|"SA276-UNS"
"191"|"SS_NITR_60"|"A790-S32205"|"A790|S32205"|"A790-S32205|A790 S32205|A790 GR S32205|A790 GRADE S32205"|"SA790-S32205"
"192"|"SS_NITR_60"|"A790-S32205 SMLS"|"A790|S32205|SMLS"|"A790-S32205|A790 S32205|A790 GR S32205|A790 GRADE S32205|A790-S32205 SMLS|A790 S32205 SMLS"|"SA790-S32205"
"193"|"SS_NITR_60"|"A790-S32205 WLD"|"A790|S32205|WLD"|"A790-S32205|A790 S32205|A790 GR S32205|A790 GRADE S32205|A790-S32205 WLD|A790 S32205 WLD"|"SA790-S32205"
"194"|"SS_NITR_60"|"SA790-S32205"|"SA790|S32205"|"SA790-S32205|SA790 S32205|SA790 GR S32205|SA790 GRADE S32205"|""
"195"|"SS_NITR_60"|"SA790-S32205 SMLS"|"SA790|S32205|SMLS"|"SA790-S32205|SA790 S32205|SA790 GR S32205|SA790 GRADE S32205|SA790-S32205 SMLS|SA790 S32205 SMLS"|""
"196"|"SS_NITR_60"|"SA790-S32205 WLD"|"SA790|S32205|WLD"|"SA790-S32205|SA790 S32205|SA790 GR S32205|SA790 GRADE S32205|SA790-S32205 WLD|SA790 S32205 WLD"|""
"197"|"DUPLEX_SS"|"A182-F51 UNS S31803/S32205"|"A182|F51|UNS"|"A182-F51|A182 F51|A182 GR F51|A182 GRADE F51|A182-F51 UNS S31803/S32205|A182 F51 UNS S31803/S32205"|"SA182-F51"
"198"|"DUPLEX_SS"|"A182-F60"|"A182|F60"|"A182-F60|A182 F60|A182 GR F60|A182 GRADE F60"|"SA182-F60"
"199"|"DUPLEX_SS"|"A694-F60"|"A694|F60"|"A694-F60|A694 F60|A694 GR F60|A694 GRADE F60"|"SA694-F60"
"200"|"DUPLEX_SS"|"A694-F60 SMLS"|"A694|F60|SMLS"|"A694-F60|A694 F60|A694 GR F60|A694 GRADE F60|A694-F60 SMLS|A694 F60 SMLS"|"SA694-F60"
"201"|"DUPLEX_SS"|"A790-S31803"|"A790|S31803"|"A790-S31803|A790 S31803|A790 GR S31803|A790 GRADE S31803"|"SA790-S31803"
"202"|"DUPLEX_SS"|"A790-S31803 SMLS"|"A790|S31803|SMLS"|"A790-S31803|A790 S31803|A790 GR S31803|A790 GRADE S31803|A790-S31803 SMLS|A790 S31803 SMLS"|"SA790-S31803"
"203"|"DUPLEX_SS"|"A790-S31803 WLD"|"A790|S31803|WLD"|"A790-S31803|A790 S31803|A790 GR S31803|A790 GRADE S31803|A790-S31803 WLD|A790 S31803 WLD"|"SA790-S31803"
"204"|"DUPLEX_SS"|"A790-S31803/S32205 WLD"|"A790|S31803|S32205|WLD"|"A790-S31803/S32205|A790 S31803/S32205|A790 GR S31803/S32205|A790 GRADE S31803/S32205|A790-S31803/S32205 WLD|A790 S31803/S32205 WLD"|"SA790-S31803/S32205"
"205"|"DUPLEX_SS"|"A790-S32205/S31803"|"A790|S32205|S31803"|"A790-S32205/S31803|A790 S32205/S31803|A790 GR S32205/S31803|A790 GRADE S32205/S31803"|"SA790-S32205/S31803"
"206"|"DUPLEX_SS"|"A790-UNS S31803/S32205"|"A790|UNS"|"A790-UNS|A790 UNS|A790 GR UNS|A790 GRADE UNS|A790-UNS S31803/S32205|A790 UNS S31803/S32205"|"SA790-UNS"
"207"|"DUPLEX_SS"|"A815-S31803-W/S32205 WLD"|"A815|S31803|W|S32205|WLD"|"A815-S31803-W/S32205|A815 S31803 W/S32205|A815 S31803-W/S32205|A815 GR S31803-W/S32205|A815 GRADE S31803-W/S32205|A815-S31803-W/S32205 WLD|A815 S31803 W/S32205 WLD"|"SA815-S31803-W/S32205"
"208"|"DUPLEX_SS"|"A815-WPS32205"|"A815|WPS32205|WP"|"A815-WPS32205|A815 WPS32205|A815 GR WPS32205|A815 GRADE WPS32205"|"SA815-WPS32205"
"209"|"DUPLEX_SS"|"A815-WPS32205 SMLS"|"A815|WPS32205|SMLS|WP"|"A815-WPS32205|A815 WPS32205|A815 GR WPS32205|A815 GRADE WPS32205|A815-WPS32205 SMLS|A815 WPS32205 SMLS"|"SA815-WPS32205"
"210"|"DUPLEX_SS"|"A815-WPS32205 WLD"|"A815|WPS32205|WLD|WP"|"A815-WPS32205|A815 WPS32205|A815 GR WPS32205|A815 GRADE WPS32205|A815-WPS32205 WLD|A815 WPS32205 WLD"|"SA815-WPS32205"
"211"|"DUPLEX_SS"|"SA182-F60"|"SA182|F60"|"SA182-F60|SA182 F60|SA182 GR F60|SA182 GRADE F60"|""
"212"|"DUPLEX_SS"|"SA790-S31803"|"SA790|S31803"|"SA790-S31803|SA790 S31803|SA790 GR S31803|SA790 GRADE S31803"|""
"213"|"DUPLEX_SS"|"SA790-S31803 SMLS"|"SA790|S31803|SMLS"|"SA790-S31803|SA790 S31803|SA790 GR S31803|SA790 GRADE S31803|SA790-S31803 SMLS|SA790 S31803 SMLS"|""
"214"|"DUPLEX_SS"|"SA790-S31803 WLD"|"SA790|S31803|WLD"|"SA790-S31803|SA790 S31803|SA790 GR S31803|SA790 GRADE S31803|SA790-S31803 WLD|SA790 S31803 WLD"|""
"215"|"DUPLEX_SS"|"SA815-WPS32205"|"SA815|WPS32205|WP"|"SA815-WPS32205|SA815 WPS32205|SA815 GR WPS32205|SA815 GRADE WPS32205"|""
"216"|"DUPLEX_SS"|"SA815-WPS32205 SMLS"|"SA815|WPS32205|SMLS|WP"|"SA815-WPS32205|SA815 WPS32205|SA815 GR WPS32205|SA815 GRADE WPS32205|SA815-WPS32205 SMLS|SA815 WPS32205 SMLS"|""
"217"|"DUPLEX_SS"|"SA815-WPS32205 WLD"|"SA815|WPS32205|WLD|WP"|"SA815-WPS32205|SA815 WPS32205|SA815 GR WPS32205|SA815 GRADE WPS32205|SA815-WPS32205 WLD|SA815 WPS32205 WLD"|""
"218"|"HAST_C276"|"B366-WPHC276"|"B366|WPHC276|WP"|"B366-WPHC276|B366 WPHC276|B366 GR WPHC276|B366 GRADE WPHC276"|"SB366-WPHC276"
"219"|"HAST_C276"|"B366-WPHC276 SMLS"|"B366|WPHC276|SMLS|WP"|"B366-WPHC276|B366 WPHC276|B366 GR WPHC276|B366 GRADE WPHC276|B366-WPHC276 SMLS|B366 WPHC276 SMLS"|"SB366-WPHC276"
"220"|"HAST_C276"|"B366-WPHC276 WLD"|"B366|WPHC276|WLD|WP"|"B366-WPHC276|B366 WPHC276|B366 GR WPHC276|B366 GRADE WPHC276|B366-WPHC276 WLD|B366 WPHC276 WLD"|"SB366-WPHC276"
"221"|"HAST_C276"|"B366-WPHC276S"|"B366|WPHC276S|WP"|"B366-WPHC276S|B366 WPHC276S|B366 GR WPHC276S|B366 GRADE WPHC276S"|"SB366-WPHC276S"
"222"|"HAST_C276"|"B462-UNS N10276"|"B462|UNS"|"B462-UNS|B462 UNS|B462 GR UNS|B462 GRADE UNS|B462-UNS N10276|B462 UNS N10276"|"SB462-UNS"
"223"|"HAST_C276"|"B622-UNS N10276"|"B622|UNS"|"B622-UNS|B622 UNS|B622 GR UNS|B622 GRADE UNS|B622-UNS N10276|B622 UNS N10276"|"SB622-UNS"
"224"|"HAST_C276"|"B622-UNS N10276 SMLS"|"B622|UNS|SMLS"|"B622-UNS|B622 UNS|B622 GR UNS|B622 GRADE UNS|B622-UNS N10276 SMLS|B622 UNS N10276 SMLS"|"SB622-UNS"
"225"|"HAST_C276"|"SB366-WPHC276"|"SB366|WPHC276|WP"|"SB366-WPHC276|SB366 WPHC276|SB366 GR WPHC276|SB366 GRADE WPHC276"|""
"226"|"HAST_C276"|"SB366-WPHC276 SMLS"|"SB366|WPHC276|SMLS|WP"|"SB366-WPHC276|SB366 WPHC276|SB366 GR WPHC276|SB366 GRADE WPHC276|SB366-WPHC276 SMLS|SB366 WPHC276 SMLS"|""
"227"|"HAST_C276"|"SB366-WPHC276 WLD"|"SB366|WPHC276|WLD|WP"|"SB366-WPHC276|SB366 WPHC276|SB366 GR WPHC276|SB366 GRADE WPHC276|SB366-WPHC276 WLD|SB366 WPHC276 WLD"|""
"228"|"HAST_C276"|"SB462-UNS N10276"|"SB462|UNS"|"SB462-UNS|SB462 UNS|SB462 GR UNS|SB462 GRADE UNS|SB462-UNS N10276|SB462 UNS N10276"|""
"229"|"HAST_C276"|"SB622-UNS N10276 SMLS"|"SB622|UNS|SMLS"|"SB622-UNS|SB622 UNS|SB622 GR UNS|SB622 GRADE UNS|SB622-UNS N10276 SMLS|SB622 UNS N10276 SMLS"|""
"230"|"PE"|"A915-WP"|"A915|WP"|"A915-WP|A915 WP|A915 GR WP|A915 GRADE WP"|"SA915-WP"
"231"|"MONEL"|"B165-N04400 ANNEALED SMLS"|"B165|N04400|SMLS|ANNEALED"|"B165-N04400|B165 N04400|B165 GR N04400|B165 GRADE N04400|B165-N04400 ANNEALED SMLS|B165 N04400 ANNEALED SMLS"|"SB165-N04400"
"232"|"MONEL"|"B366-WPNC N04400 ANNEALED"|"B366|WPNC|ANNEALED|WP"|"B366-WPNC|B366 WPNC|B366 GR WPNC|B366 GRADE WPNC|B366-WPNC N04400 ANNEALED|B366 WPNC N04400 ANNEALED"|"SB366-WPNC"
"233"|"MONEL"|"B366-WPNC N04400 ANNEALED SMLS"|"B366|WPNC|SMLS|ANNEALED|WP"|"B366-WPNC|B366 WPNC|B366 GR WPNC|B366 GRADE WPNC|B366-WPNC N04400 ANNEALED SMLS|B366 WPNC N04400 ANNEALED SMLS"|"SB366-WPNC"
"234"|"MONEL"|"B564-N04400"|"B564|N04400"|"B564-N04400|B564 N04400|B564 GR N04400|B564 GRADE N04400"|"SB564-N04400"
"235"|"MONEL"|"B564-N04400 ANNEALED"|"B564|N04400|ANNEALED"|"B564-N04400|B564 N04400|B564 GR N04400|B564 GRADE N04400|B564-N04400 ANNEALED|B564 N04400 ANNEALED"|"SB564-N04400"
"236"|"INCO"|"B366-N06625"|"B366|N06625"|"B366-N06625|B366 N06625|B366 GR N06625|B366 GRADE N06625"|"SB366-N06625"
"237"|"INCO"|"B444-N06625 SMLS"|"B444|N06625|SMLS"|"B444-N06625|B444 N06625|B444 GR N06625|B444 GRADE N06625|B444-N06625 SMLS|B444 N06625 SMLS"|"SB444-N06625"
"238"|"INCO"|"B564-N06625"|"B564|N06625"|"B564-N06625|B564 N06625|B564 GR N06625|B564 GRADE N06625"|"SB564-N06625"
"239"|"INCO"|"B564-N06625 ANNEALED"|"B564|N06625|ANNEALED"|"B564-N06625|B564 N06625|B564 GR N06625|B564 GRADE N06625|B564-N06625 ANNEALED|B564 N06625 ANNEALED"|"SB564-N06625"
"240"|"BRONZE"|"B62-Alloy 83600"|"B62|ALLOY"|"B62-ALLOY|B62 ALLOY|B62 GR ALLOY|B62 GRADE ALLOY|B62-ALLOY 83600|B62 ALLOY 83600"|"SB62-ALLOY"
"241"|"HDPE"|"D3350-CELL 345464C"|"D3350|CELL"|"D3350-CELL|D3350 CELL|D3350 GR CELL|D3350 GRADE CELL|D3350-CELL 345464C|D3350 CELL 345464C"|""
"242"|"CPVC"|"D1784-F439"|"D1784|F439"|"D1784-F439|D1784 F439|D1784 GR F439|D1784 GRADE F439"|""
"243"|"CPVC"|"D1784-F439 TYPE IV GRADE 1 "|"D1784|F439|TYPE"|"D1784-F439|D1784 F439|D1784 GR F439|D1784 GRADE F439|D1784-F439 TYPE IV GRADE 1|D1784 F439 TYPE IV GRADE 1"|""
"244"|"CPVC"|"D1784-F441 TYPE IV "|"D1784|F441|TYPE"|"D1784-F441|D1784 F441|D1784 GR F441|D1784 GRADE F441|D1784-F441 TYPE IV|D1784 F441 TYPE IV"|""
